<?xml version="1.0" encoding="UTF-8"?>
<GenRun Id="impl_1" LaunchPart="xc7a35tcpg236-1" LaunchTime="1543043588">
  <File Type="WBT-USG" Name="usage_statistics_webtalk.html"/>
  <File Type="BG-DRC" Name="seg7decimal.drc"/>
  <File Type="BG-BGN" Name="seg7decimal.bgn"/>
  <File Type="BITSTR-SYSDEF" Name="seg7decimal.sysdef"/>
  <File Type="BITSTR-LTX" Name="debug_nets.ltx"/>
  <File Type="BITSTR-LTX" Name="seg7decimal.ltx"/>
  <File Type="BITSTR-MMI" Name="seg7decimal.mmi"/>
  <File Type="BITSTR-BMM" Name="seg7decimal_bd.bmm"/>
  <File Type="BITSTR-NKY" Name="seg7decimal.nky"/>
  <File Type="BITSTR-RBT" Name="seg7decimal.rbt"/>
  <File Type="BITSTR-MSK" Name="seg7decimal.msk"/>
  <File Type="BG-BIN" Name="seg7decimal.bin"/>
  <File Type="BG-BIT" Name="seg7decimal.bit"/>
  <File Type="POSTROUTE-PHYSOPT-BUS-SKEW-RPX" Name="seg7decimal_bus_skew_postroute_physopted.rpx"/>
  <File Type="POSTROUTE-PHYSOPT-BUS-SKEW-PB" Name="seg7decimal_bus_skew_postroute_physopted.pb"/>
  <File Type="POSTROUTE-PHYSOPT-BUS-SKEW" Name="seg7decimal_bus_skew_postroute_physopted.rpt"/>
  <File Type="RDI-RDI" Name="seg7decimal.vdi"/>
  <File Type="POSTROUTE-PHYSOPT-TIMING-RPX" Name="seg7decimal_timing_summary_postroute_physopted.rpx"/>
  <File Type="POSTROUTE-PHYSOPT-TIMING-PB" Name="seg7decimal_timing_summary_postroute_physopted.pb"/>
  <File Type="POSTROUTE-PHYSOPT-TIMING" Name="seg7decimal_timing_summary_postroute_physopted.rpt"/>
  <File Type="POSTROUTE-PHYSOPT-BLACKBOX-DCP" Name="seg7decimal_postroute_physopt_bb.dcp"/>
  <File Type="POSTROUTE-PHYSOPT-DCP" Name="seg7decimal_postroute_physopt.dcp"/>
  <File Type="ROUTE-BUS-SKEW" Name="seg7decimal_bus_skew_routed.rpt"/>
  <File Type="ROUTE-CLK" Name="seg7decimal_clock_utilization_routed.rpt"/>
  <File Type="ROUTE-SIMILARITY" Name="seg7decimal_incremental_reuse_routed.rpt"/>
  <File Type="ROUTE-TIMING-RPX" Name="seg7decimal_timing_summary_routed.rpx"/>
  <File Type="ROUTE-TIMING-PB" Name="seg7decimal_timing_summary_routed.pb"/>
  <File Type="ROUTE-TIMINGSUMMARY" Name="seg7decimal_timing_summary_routed.rpt"/>
  <File Type="ROUTE-STATUS-PB" Name="seg7decimal_route_status.pb"/>
  <File Type="ROUTE-STATUS" Name="seg7decimal_route_status.rpt"/>
  <File Type="ROUTE-PWR-RPX" Name="seg7decimal_power_routed.rpx"/>
  <File Type="ROUTE-PWR-SUM" Name="seg7decimal_power_summary_routed.pb"/>
  <File Type="ROUTE-PWR" Name="seg7decimal_power_routed.rpt"/>
  <File Type="ROUTE-METHODOLOGY-DRC-PB" Name="seg7decimal_methodology_drc_routed.pb"/>
  <File Type="ROUTE-METHODOLOGY-DRC-RPX" Name="seg7decimal_methodology_drc_routed.rpx"/>
  <File Type="ROUTE-METHODOLOGY-DRC" Name="seg7decimal_methodology_drc_routed.rpt"/>
  <File Type="ROUTE-DRC-RPX" Name="seg7decimal_drc_routed.rpx"/>
  <File Type="ROUTE-DRC-PB" Name="seg7decimal_drc_routed.pb"/>
  <File Type="ROUTE-DRC" Name="seg7decimal_drc_routed.rpt"/>
  <File Type="ROUTE-BLACKBOX-DCP" Name="seg7decimal_routed_bb.dcp"/>
  <File Type="ROUTE-DCP" Name="seg7decimal_routed.dcp"/>
  <File Type="ROUTE-ERROR-DCP" Name="seg7decimal_routed_error.dcp"/>
  <File Type="PHYSOPT-TIMING" Name="seg7decimal_timing_summary_physopted.rpt"/>
  <File Type="PHYSOPT-DRC" Name="seg7decimal_drc_physopted.rpt"/>
  <File Type="PHYSOPT-DCP" Name="seg7decimal_physopt.dcp"/>
  <File Type="POSTPLACE-PWROPT-TIMING" Name="seg7decimal_timing_summary_postplace_pwropted.rpt"/>
  <File Type="POSTPLACE-PWROPT-DCP" Name="seg7decimal_postplace_pwropt.dcp"/>
  <File Type="PLACE-TIMING" Name="seg7decimal_timing_summary_placed.rpt"/>
  <File Type="PLACE-PRE-SIMILARITY" Name="seg7decimal_incremental_reuse_pre_placed.rpt"/>
  <File Type="PLACE-SIMILARITY" Name="seg7decimal_incremental_reuse_placed.rpt"/>
  <File Type="PLACE-CTRL" Name="seg7decimal_control_sets_placed.rpt"/>
  <File Type="PLACE-UTIL-PB" Name="seg7decimal_utilization_placed.pb"/>
  <File Type="PLACE-UTIL" Name="seg7decimal_utilization_placed.rpt"/>
  <File Type="PLACE-CLK" Name="seg7decimal_clock_utilization_placed.rpt"/>
  <File Type="PLACE-IO" Name="seg7decimal_io_placed.rpt"/>
  <File Type="PLACE-DCP" Name="seg7decimal_placed.dcp"/>
  <File Type="PWROPT-TIMING" Name="seg7decimal_timing_summary_pwropted.rpt"/>
  <File Type="PWROPT-DRC" Name="seg7decimal_drc_pwropted.rpt"/>
  <File Type="PWROPT-DCP" Name="seg7decimal_pwropt.dcp"/>
  <File Type="OPT-TIMING" Name="seg7decimal_timing_summary_opted.rpt"/>
  <File Type="OPT-HWDEF" Name="seg7decimal.hwdef"/>
  <File Type="OPT-METHODOLOGY-DRC" Name="seg7decimal_methodology_drc_opted.rpt"/>
  <File Type="OPT-DRC" Name="seg7decimal_drc_opted.rpt"/>
  <File Type="OPT-DCP" Name="seg7decimal_opt.dcp"/>
  <File Type="INIT-TIMING" Name="seg7decimal_timing_summary_init.rpt"/>
  <File Type="ROUTE-BUS-SKEW-RPX" Name="seg7decimal_bus_skew_routed.rpx"/>
  <File Type="REPORTS-TCL" Name="seg7decimal_reports.tcl"/>
  <File Type="ROUTE-BUS-SKEW-PB" Name="seg7decimal_bus_skew_routed.pb"/>
  <File Type="PA-TCL" Name="seg7decimal.tcl"/>
  <FileSet Name="sources" Type="DesignSrcs" RelSrcDir="$PSRCDIR/sources_1">
    <Filter Type="Srcs"/>
    <File Path="$PSRCDIR/sources_1/new/randomGen.v">
      <FileInfo>
        <Attr Name="UsedIn" Val="synthesis"/>
        <Attr Name="UsedIn" Val="implementation"/>
        <Attr Name="UsedIn" Val="simulation"/>
      </FileInfo>
    </File>
    <File Path="$PSRCDIR/sources_1/new/main2.v">
      <FileInfo>
        <Attr Name="UsedIn" Val="synthesis"/>
        <Attr Name="UsedIn" Val="implementation"/>
        <Attr Name="UsedIn" Val="simulation"/>
      </FileInfo>
    </File>
    <Config>
      <Option Name="DesignMode" Val="RTL"/>
      <Option Name="TopModule" Val="seg7decimal"/>
      <Option Name="TopAutoSet" Val="TRUE"/>
    </Config>
  </FileSet>
  <FileSet Name="constrs_in" Type="Constrs" RelSrcDir="$PSRCDIR/constrs_1">
    <Filter Type="Constrs"/>
    <File Path="$PSRCDIR/constrs_1/new/myxdc.xdc">
      <FileInfo>
        <Attr Name="UsedIn" Val="synthesis"/>
        <Attr Name="UsedIn" Val="implementation"/>
      </FileInfo>
    </File>
    <Config>
      <Option Name="ConstrsType" Val="XDC"/>
    </Config>
  </FileSet>
  <Strategy Version="1" Minor="2">
    <StratHandle Name="Vivado Implementation Defaults" Flow="Vivado Implementation 2018">
      <Desc>Default settings for Implementation.</Desc>
    </StratHandle>
    <Step Id="init_design"/>
    <Step Id="opt_design"/>
    <Step Id="power_opt_design"/>
    <Step Id="place_design"/>
    <Step Id="post_place_power_opt_design"/>
    <Step Id="phys_opt_design"/>
    <Step Id="route_design"/>
    <Step Id="post_route_phys_opt_design"/>
    <Step Id="write_bitstream"/>
  </Strategy>
</GenRun>
