<?xml version="1.0" encoding="UTF-8"?>
<GenRun Id="synth_1" LaunchPart="xc7a35tcpg236-1" LaunchTime="1543043588">
  <File Type="VDS-TIMING-PB" Name="seg7decimal_timing_summary_synth.pb"/>
  <File Type="VDS-TIMINGSUMMARY" Name="seg7decimal_timing_summary_synth.rpt"/>
  <File Type="RDS-DCP" Name="seg7decimal.dcp"/>
  <File Type="RDS-UTIL-PB" Name="seg7decimal_utilization_synth.pb"/>
  <File Type="RDS-UTIL" Name="seg7decimal_utilization_synth.rpt"/>
  <File Type="RDS-PROPCONSTRS" Name="seg7decimal_drc_synth.rpt"/>
  <File Type="RDS-RDS" Name="seg7decimal.vds"/>
  <File Type="REPORTS-TCL" Name="seg7decimal_reports.tcl"/>
  <File Type="PA-TCL" Name="seg7decimal.tcl"/>
  <FileSet Name="sources" Type="DesignSrcs" RelSrcDir="$PSRCDIR/sources_1">
    <Filter Type="Srcs"/>
    <File Path="$PSRCDIR/sources_1/new/randomGen.v">
      <FileInfo>
        <Attr Name="UsedIn" Val="synthesis"/>
        <Attr Name="UsedIn" Val="implementation"/>
        <Attr Name="UsedIn" Val="simulation"/>
      </FileInfo>
    </File>
    <File Path="$PSRCDIR/sources_1/new/main2.v">
      <FileInfo>
        <Attr Name="UsedIn" Val="synthesis"/>
        <Attr Name="UsedIn" Val="implementation"/>
        <Attr Name="UsedIn" Val="simulation"/>
      </FileInfo>
    </File>
    <Config>
      <Option Name="DesignMode" Val="RTL"/>
      <Option Name="TopModule" Val="seg7decimal"/>
      <Option Name="TopAutoSet" Val="TRUE"/>
    </Config>
  </FileSet>
  <FileSet Name="constrs_in" Type="Constrs" RelSrcDir="$PSRCDIR/constrs_1">
    <Filter Type="Constrs"/>
    <File Path="$PSRCDIR/constrs_1/new/myxdc.xdc">
      <FileInfo>
        <Attr Name="UsedIn" Val="synthesis"/>
        <Attr Name="UsedIn" Val="implementation"/>
      </FileInfo>
    </File>
    <Config>
      <Option Name="ConstrsType" Val="XDC"/>
    </Config>
  </FileSet>
  <Strategy Version="1" Minor="2">
    <StratHandle Name="Vivado Synthesis Defaults" Flow="Vivado Synthesis 2018">
      <Desc>Vivado Synthesis Defaults</Desc>
    </StratHandle>
    <Step Id="synth_design"/>
  </Strategy>
</GenRun>
